Sumula,Enunciado,Precedentes
1,"Importa renúncia às instâncias administrativas a propositura pelo sujeito passivo de ação judicial por qualquer modalidade processual, antes ou depois do lançamento de ofício, com o mesmo objeto do processo administrativo, sendo cabível apenas a apreciação, pelo órgão de julgamento administrativo, de matéria distinta da constante do processo judicial. (Vinculante, conforme Portaria MF nº 277, de 07/06/2018, DOU de 08/06/2018).",101-93877 103-21884 105-14637 107-06963 108-07742 201-77430 201-77706 202-15883 201-78277 201-78612 303-30029 301-31241 302-36429 303-31801 301-31875
2,O CARF não é competente para se pronunciar sobre a inconstitucionalidade de lei tributária.,101-94876 103-21568 105-14586 108-06035 102-46146 203-09298 201-77691 202-15674 201-78180 204-00115
3,"Para a determinação da base de cálculo do Imposto de Renda das Pessoas Jurídicas e da Contribuição Social sobre o Lucro, a partir do ano-calendário de 1995, o lucro líquido ajustado poderá ser reduzido em, no máximo, trinta por cento, tanto em razão da compensação de prejuízo, como em razão da compensação da base de cálculo negativa. (Vinculante, conforme Portaria MF nº 277, de 07/06/2018, DOU de 08/06/2018).",101-93581 101-94619 103-21900 105-14809 107-06045 108-08212
4,"A partir de 1º de abril de 1995, os juros moratórios incidentes sobre débitos tributários administrados pela Secretaria da Receita Federal são devidos, no período de inadimplência, à taxa referencial do Sistema Especial de Liquidação e Custódia - SELIC para títulos federais. (Vinculante, conforme Portaria MF nº 277, de 07/06/2018, DOU de 08/06/2018).",101-94511 103-21239 104-18935 105-14173 108-07322 202-11760 202-14254 201-76699 203-08809 201-76923 301-30738 303-31446 302-36277 301-31414
5,"São devidos juros de mora sobre o crédito tributário não integralmente pago no vencimento, ainda que suspensa sua exigibilidade, salvo quando existir depósito no montante integral. (Vinculante, conforme Portaria MF nº 277, de 07/06/2018, DOU de 08/06/2018).",101-94322 103-19964 103-21585 104-18397 107-05873 201-76735 203-09664 202-15750 203-09811 204-00079 301-29745 301-30534 301-30761 301-31486 303-32358
6,"É legítima a lavratura de auto de infração no local em que foi constatada a infração, ainda que fora do estabelecimento do contribuinte. (Vinculante, conforme Portaria MF nº 277, de 07/06/2018, DOU de 08/06/2018).",101-94711 103-21225 104-20812 105-14047 107-07331 202-11274 201-76714 203-08674 203-09437 203-09710
7,"A ausência da indicação da data e da hora de lavratura do auto de infração não invalida o lançamento de ofício quando suprida pela data da ciência. (Vinculante, conforme Portaria MF nº 277, de 07/06/2018, DOU de 08/06/2018).",106-13534 102-46574 103-19444 104-17338 103-20828
8,"O Auditor Fiscal da Receita Federal é competente para proceder ao exame da escrita fiscal da pessoa jurídica, não lhe sendo exigida a habilitação profissional de contador. (Vinculante, conforme Portaria MF nº 277, de 07/06/2018, DOU de 08/06/2018).",103-21239 104-20276 105-14009 107-04638 108-06421 202-14635 202-14867 202-15223 201-77505 201-78582
9,"É válida a ciência da notificação por via postal realizada no domicílio fiscal eleito pelo contribuinte, confirmada com a assinatura do recebedor da correspondência, ainda que este não seja o representante legal do destinatário. (Vinculante, conforme Portaria MF nº 277, de 07/06/2018, DOU de 08/06/2018).",102-46574 104-20408 106-14266 107-07076 108-07562 201-68026 202-08457 202-09572 201-71773 203-06545
10,"Para fins de contagem do prazo decadencial para a constituição de crédito tributário relativo a lucro inflacionário diferido, deve-se levar em conta o período de apuração de sua efetiva realização ou o período em que, em face da legislação, deveria ter sido realizado, ainda que em percentuais mínimos. (Súmula revisada conforme Ata da Sessão Extraordinária de 03/09/2018, DOU de 11/09/2018). (Vinculante, conforme Portaria ME nº 129, de 01/04/2019, DOU de 02/04/2019).",105-14773 107-08137 101-94846 103-21903 108-08208
11,"Não se aplica a prescrição intercorrente no processo administrativo fiscal. (Vinculante, conforme Portaria MF nº 277, de 07/06/2018, DOU de 08/06/2018).",103-21113 104-19410 104-19980 105-15025 107-07733 202-07929 203-02815 203-04404 201-73615 201-76985
12,"Constatada a omissão de rendimentos sujeitos à incidência do imposto de renda na declaração de ajuste anual, é legítima a constituição do crédito tributário na pessoa física do beneficiário, ainda que a fonte pagadora não tenha procedido à respectiva retenção. (Vinculante, conforme Portaria MF nº 277, de 07/06/2018, DOU de 08/06/2018).",102-45558 102-45717 104-19081 104-17093 106-14387
13,"Menor pobre que o sujeito passivo crie e eduque pode ser considerado dependente na Declaração do Imposto de Renda da Pessoa Física, desde que o declarante detenha a guarda judicial. (Vinculante, conforme Portaria MF nº 277, de 07/06/2018, DOU de 08/06/2018).",102-42738 104-20530 104-20368 106-12302 106-14065
14,"A simples apuração de omissão de receita ou de rendimentos, por si só, não autoriza a qualificação da multa de ofício, sendo necessária a comprovação do evidente intuito de fraude do sujeito passivo.",101-94258 101-94351 104-19384 104-19806 104-19855
15,"A base de cálculo do PIS, prevista no artigo 6º da Lei Complementar nº 7, de 1970, é o faturamento do sexto mês anterior, sem correção monetária. (Vinculante, conforme Portaria MF nº 383, de 12/07/2010, DOU de 14/07/2010).",101-88969 101-94812 107-05870 103-21298 107-05840 201-71330 203-07934 201-77198 203-09351 202-16301
16,"O direito ao aproveitamento dos créditos de IPI decorrentes da aquisição de matérias-primas, produtos intermediários e material de embalagem utilizados na fabricação de produtos cuja saída seja com isenção ou alíquota zero, nos termos do art. 11 da Lei nº 9.779, de 1999, alcança, exclusivamente, os insumos recebidos pelo estabelecimento do contribuinte a partir de 1º de janeiro de 1999. (Vinculante, conforme Portaria MF nº 277, de 07/06/2018, DOU de 08/06/2018).",201-73981 202-15325 201-77472 203-09751 202-16105
17,"Não cabe a exigência de multa de ofício nos lançamentos efetuados para prevenir a decadência, quando a exigibilidade estiver suspensa na forma dos incisos IV ou V do art. 151 do CTN e a suspensão do débito tenha ocorrido antes do início de qualquer procedimento de ofício a ele relativo. (Vinculante, conforme Portaria MF nº 383, de 12/07/2010, DOU de 14/07/2010).",201-74351 203-07480 202-15710 202-15782 202-16437
18,"A aquisição de matérias-primas, produtos intermediários e material de embalagem tributados à alíquota zero não gera crédito de IPI. (Vinculante, conforme Portaria MF nº 277, de 07/06/2018, DOU de 08/06/2018).",202-15515 201-78131 204-00304 204-00405 204-00484
19,"Não integram a base de cálculo do crédito presumido da Lei nº 9.363, de 1996, as aquisições de combustíveis e energia elétrica uma vez que não são consumidos em contato direto com o produto, não se enquadrando nos conceitos de matéria-prima ou produto intermediário. (Vinculante, conforme Portaria MF nº 277, de 07/06/2018, DOU de 08/06/2018).",203-07401 202-14769 202-14887 202-15056 202-16395
20,"Não há direito aos créditos de IPI em relação às aquisições de insumos aplicados na fabricação de produtos classificados na TIPI como NT. (Vinculante, conforme Portaria MF nº 277, de 07/06/2018, DOU de 08/06/2018).",202-15269 202-15366 202-15455 202-16141 204-00488
21,"É nula, por vício formal, a notificação de lançamento que não contenha a identificação da autoridade que a expediu. (Vinculante, conforme Portaria MF nº 383, de 12/07/2010, DOU de 14/07/2010).",301-30589 301-31127 301-31557 301-31961 301-32284
22,"É nulo o ato declaratório de exclusão do Simples Federal, instituído pela Lei nº 9.317, de 1996, que se limite a consignar a existência de pendências perante a Dívida Ativa da União ou do INSS, sem a indicação dos débitos inscritos cuja exigibilidade não esteja suspensa. (Súmula revisada conforme Ata da Sessão Extraordinária de 03/09/2018, DOU de 11/09/2018). (Vinculante, conforme Portaria ME nº 129, de 01/04/2019, DOU de 02/04/2019).",303-31479 303-31882 301-31763 301-31917 301-32.120
23,"A autoridade administrativa pode rever o Valor da Terra Nua mínimo (VTNm) que vier a ser questionado pelo contribuinte do imposto sobre a propriedade territorial rural (ITR) relativo aos exercícios de 1994 a 1996, mediante a apresentação de laudo técnico de avaliação do imóvel, emitido por entidade de reconhecida capacidade técnica ou por profissional devidamente habilitado, que se reporte à época do fato gerador e demonstre, de forma inequívoca, a legitimidade da alteração pretendida, inclusive com a indicação das fontes pesquisadas. (Vinculante, conforme Portaria MF nº 277, de 07/06/2018, DOU de 08/06/2018).",301-29487 301-30585 302-35499 302-35740 303-30903
24,"Não compete à Secretaria da Receita Federal do Brasil promover a restituição de obrigações da Eletrobrás nem sua compensação com débitos tributários. (Vinculante, conforme Portaria MF nº 277, de 07/06/2018, DOU de 08/06/2018).",303-32277 301-32112 301-32156 302-37140 303-32636
25,"A presunção legal de omissão de receita ou de rendimentos, por si só, não autoriza a qualificação da multa de ofício, sendo necessária a comprovação de uma das hipóteses dos arts. 71, 72 e 73 da Lei n° 4.502/64. (Vinculante, conforme Portaria MF nº 383, de 12/07/2010, DOU de 14/07/2010).",04-00.883 04-00.762 104-23659 104-23697 3402-00.145
26,"A presunção estabelecida no art. 42 da Lei nº 9.430/96 dispensa o Fisco de comprovar o consumo da renda representada pelos depósitos bancários sem origem comprovada. (Vinculante, conforme Portaria MF nº 277, de 07/06/2018, DOU de 08/06/2018).",102-49298 106-17191 101-96144 106-17093 04-00.157
27,"É valido o lançamento formalizado por Auditor-Fiscal da Receita Federal do Brasil de jurisdição diversa da do domicílio tributário do sujeito passivo. (Vinculante, conforme Portaria MF nº 277, de 07/06/2018, DOU de 08/06/2018).",302-40013 106-16534 104-21824 106-15545 205-01048 202-18608
28,"O CARF não é competente para se pronunciar sobre controvérsias referentes a Processo Administrativo de Representação Fiscal para Fins Penais. (Vinculante, conforme Portaria MF nº 383, de 12/07/2010, DOU de 14/07/2010).",303-33810 296-00105 201-81384 106-16727 201-78848 106-13820
29,"Os co-titulares da conta bancária que apresentem declaração de rendimentos em separado devem ser intimados para comprovar a origem dos depósitos nela efetuados, na fase que precede à lavratura do auto de infração com base na presunção legal de omissão de receitas ou rendimentos, sob pena de exclusão, da base de cálculo do lançamento, dos valores referentes às contas conjuntas em relação às quais não se intimou todos os co-titulares. (Súmula revisada conforme Ata da Sessão Extraordinária de 03/09/2018, DOU de 11/09/2018). (Vinculante, conforme Portaria ME nº 129, de 01/04/2019, DOU de 02/04/2019).",106-17009 102-48460 102-48163 104-22117 104-22049
30,"Na tributação da omissão de rendimentos ou receitas caracterizada por depósitos bancários com origem não comprovada, os depósitos de um mês não servem para comprovar a origem de depósitos havidos em meses subsequentes. (Vinculante, conforme Portaria MF nº 277, de 07/06/2018, DOU de 08/06/2018).",106-16977 106-16123 106-15761 106-15616 04-00.826
31,"Descabe a cobrança de multa de ofício isolada exigida sobre os valores de tributos recolhidos extemporaneamente, sem o acréscimo da multa de mora, antes do início do procedimento fiscal. (Súmula revisada conforme Ata da Sessão Extraordinária de 03/09/2018, DOU de 11/09/2018). (Vinculante, conforme Portaria ME nº 129, de 01/04/2019, DOU de 02/04/2019).",101-97094 106-16761 2802-00136 9303-00.164 04-01.176
32,"A titularidade dos depósitos bancários pertence às pessoas indicadas nos dados cadastrais, salvo quando comprovado com documentação hábil e idônea o uso da conta por terceiros. (Vinculante, conforme Portaria MF nº 277, de 07/06/2018, DOU de 08/06/2018).",104-22294 102-48290 104-23325 102-49407 106-17254
33,"A declaração entregue após o início do procedimento fiscal não produz quaisquer efeitos sobre o lançamento de ofício. (Vinculante, conforme Portaria MF nº 277, de 07/06/2018, DOU de 08/06/2018).",102-49334 106-17006 106-16812 106-16727 106-17254 103-22293 106-16440 106-14971 104-23308 104-23395 104-23025 201-80751 201-79179 201-76943 201-74300 201-73651
34,"Nos lançamentos em que se apura omissão de receita ou rendimentos, decorrente de depósitos bancários de origem não comprovada, é cabível a qualificação da multa de ofício, quando constatada a movimentação de recursos em contas bancárias de interpostas pessoas. (Vinculante, conforme Portaria MF nº 383, de 12/07/2010, DOU de 14/07/2010).",106-17001 103-23507 104-23212 106-16708 107-09027 108-09286 195-00008 01-05820
35,"O art. 11, § 3º, da Lei nº 9.311/96, com a redação dada pela Lei nº 10.174/2001, que autoriza o uso de informações da CPMF para a constituição do crédito tributário de outros tributos, aplica-se retroativamente. (Vinculante, conforme Portaria MF nº 383, de 12/07/2010, DOU de 14/07/2010).",106-17050 106-16925 104-21747 107-08068 108-09286 195-00008 201-79 04-00088
36,"A inobservância do limite legal de trinta por cento para compensação de prejuízos fiscais ou bases negativas da CSLL, quando comprovado pelo sujeito passivo que o tributo que deixou de ser pago em razão dessas compensações o foi em período posterior, caracteriza postergação do pagamento do IRPJ ou da CSLL, o que implica em excluir da exigência a parcela paga posteriormente. (Vinculante, conforme Portaria MF nº 383, de 12/07/2010, DOU de 14/07/2010).",103-22679 105-16138 105-17260 107-09299 108-09603
37,"Para fins de deferimento do Pedido de Revisão de Ordem de Incentivos Fiscais (PERC), a exigência de comprovação de regularidade fiscal deve se ater aos débitos existentes até a data de entrega da declaração de Rendimentos da Pessoa Jurídica na qual se deu a opção pelo incentivo, admitindo-se a prova da regularidade em qualquer momento do processo administrativo, independentemente da época em que tenha ocorrido a regularização, e inclusive mediante apresentação de certidão de regularidade posterior à data da opção. (Súmula revisada conforme Ata da Sessão Extraordinária de 03/09/2018, DOU de 11/09/2018). (Vinculante, conforme Portaria ME nº 129, de 01/04/2019, DOU de 02/04/2019).",101-96251 101-96515 101-96213 103-23546 107-09202 195-00110
38,"O fato gerador do Imposto sobre a Renda da Pessoa Física, relativo à omissão de rendimentos apurada a partir de depósitos bancários de origem não comprovada, ocorre no dia 31 de dezembro do ano-calendário. (Vinculante, conforme Portaria MF nº 383, de 12/07/2010, DOU de 14/07/2010).",102-49363 102-48799 104-23286 106-16788 106-17207 106-16730 04-00.627 04-00.713
40,"A apresentação de recibo emitido por profissional para o qual haja Súmula Administrativa de Documentação Tributariamente Ineficaz, desacompanhado de elementos de prova da efetividade dos serviços e do correspondente pagamento, impede a dedução a título de despesas médicas e enseja a qualificação da multa de ofício. (Vinculante, conforme Portaria MF nº 277, de 07/06/2018, DOU de 08/06/2018).",102-47881 104-22316 106-15679 106-16701 3804-00.063
41,"A não apresentação do Ato Declaratório Ambiental (ADA) emitido pelo IBAMA, ou órgão conveniado, não pode motivar o lançamento de ofício relativo a fatos geradores ocorridos até o exercício de 2000. (Vinculante, conforme Portaria MF nº 277, de 07/06/2018, DOU de 08/06/2018).",301-34624 301-34747 303-33607 303-35422 301-34680 301-33218 301-32390 302-37944 302-38480 302-39723 302-39650 302-39144 302-40046 302-40049 303-35538 3021-00.88 3201-00.088
42,"Não incide o imposto sobre a renda das pessoas físicas sobre os valores recebidos a título de indenização por desapropriação. (Vinculante, conforme Portaria MF nº 277, de 07/06/2018, DOU de 08/06/2018).",104-23033 102-45909 102-49283 104-23287 106-15476
43,"Os proventos de aposentadoria, reforma ou reserva remunerada, motivadas por acidente em serviço e os percebidos por portador de moléstia profissional ou grave, ainda que contraída após a aposentadoria, reforma ou reserva remunerada, são isentos do imposto de renda.",104-21935 104-21933 106-15476 102-47949 104-20204
44,"Descabe a aplicação da multa por falta ou atraso na entrega da Declaração de Ajuste Anual do Imposto de Renda das Pessoas Físicas, quando o sócio ou titular de pessoa jurídica inapta não se enquadre nas demais hipóteses de obrigatoriedade de apresentação dessa declaração. (Vinculante, conforme Portaria MF nº 383, de 12/07/2010, DOU de 14/07/2010).",106-16110 104-21257 102-47103 104-19963 106-16561 04-00.183
45,O Imposto sobre a Propriedade Territorial Rural não incide sobre áreas alagadas para fins de constituição de reservatório de usinas hidroelétricas.,301-33691 301-34105 302-39932 302-38594 303-35854
46,"O lançamento de ofício pode ser realizado sem prévia intimação ao sujeito passivo, nos casos em que o Fisco dispuser de elementos suficientes à constituição do crédito tributário. (Vinculante, conforme Portaria MF nº 277, de 07/06/2018, DOU de 08/06/2018).",106-17118 106-17080 104-23330 101-96145 201-80242 203-11669
48,"A suspensão da exigibilidade do crédito tributário por força de medida judicial não impede a lavratura de auto de infração. (Vinculante, conforme Portaria MF nº 277, de 07/06/2018, DOU de 08/06/2018).",02-03.257 101-96910 107-09452 204-03122 101-96492 202-18012 106-15548
49,"A denúncia espontânea (art. 138 do Código Tributário Nacional) não alcança a penalidade decorrente do atraso na entrega de declaração. (Vinculante, conforme Portaria MF nº 277, de 07/06/2018, DOU de 08/06/2018).",04-00.574 192-00.096 192-00.010 107-09.410 102-49.353 101-96.625 107-09.330 107-09.230 105-16.674 105-16.676 105-16.489 108-09.252 101-95.964 108-09.029 101-94.871
50,"É cabível a exigência de multa de ofício se a decisão judicial que suspendia a exigibilidade do crédito tributário perdeu os efeitos antes da lavratura do auto de infração. (Vinculante, conforme Portaria MF nº 277, de 07/06/2018, DOU de 08/06/2018).",01-05.781 01-05.465 01-05.497 01-05.500 108-05.892
51,"As multas previstas no Código de Defesa do Consumidor não se aplicam às relações de natureza tributária. (Vinculante, conforme Portaria MF nº 277, de 07/06/2018, DOU de 08/06/2018).",103-22.603 103-22.641 104-19.834 103-21.225 105-14.173
52,"Os tributos objeto de compensação indevida formalizada em Pedido de Compensação ou Declaração de Compensação apresentada até 31/10/2003, quando não exigíveis a partir de DCTF, ensejam o lançamento de ofício.",106-17.020 101-95.949 101-95.950 104-22.409 106-15.764
53,"Não se aplica ao resultado decorrente da exploração de atividade rural o limite de 30% do lucro líquido ajustado, relativamente à compensação da base de cálculo negativa de CSLL, mesmo para os fatos ocorridos antes da vigência do art. 42 da Medida Provisória n° 1991-15, de 10 de março de 2000.",9101-00.303 1802-00.084 1803-00.002 1202-00.026 101-96.185 103-23.332 101-94.218
54,A constatação de existência de “passivo não comprovado” autoriza o lançamento com base em presunção legal de omissão de receitas somente a partir do ano-calendário de 1997.,01-05.654 01-05.405 01-05.383 107-07.772 107-05.876
55,"O saldo devedor da correção monetária complementar, correspondente à diferença verificada em 1990 entre o IPC e o BTNF, não pode ser deduzido na apuração da base de Cálculo da Contribuição Social sobre o Lucro Líquido (CSLL). (Vinculante, conforme Portaria MF nº 277, de 07/06/2018, DOU de 08/06/2018).",01-05.814 01-05.892 01-06.043 01-05.616 103-22.545
56,"No caso de contribuintes que fizeram a opção pelo SIMPLES Federal até 27 de julho de 2001, constatada uma das hipóteses de que tratam os incisos III a XIV, XVII e XVIII do art. 9o da Lei nº 9.317, de 1996, os efeitos da exclusão dar-se-ão a partir de 1o de janeiro de 2002, quando a situação excludente tiver ocorrido até 31 de dezembro de 2001 e a exclusão for efetuada a partir de 2002. (Vinculante, conforme Portaria MF nº 277, de 07/06/2018, DOU de 08/06/2018).",303-35.893 393-00.032 302-38.888 302-38.210 303-33.776 301-32.695
57,"A prestação de serviços de manutenção, assistência técnica, instalação ou reparos em máquinas e equipamentos, bem como os serviços de usinagem, solda, tratamento e revestimento de metais, não se equiparam a serviços profissionais prestados por engenheiros e não impedem o ingresso ou a permanência da pessoa jurídica no SIMPLES Federal. (Vinculante, conforme Portaria MF nº 277, de 07/06/2018, DOU de 08/06/2018).",393-00.091 393-00.054 393-00.021 391-00.059 302-39.829 302-39.602 301-34.801 301-34.653 03-06.233
58,"No regime do Lucro Real, as variações monetárias ativas decorrentes de depósitos judiciais com a finalidade de suspender a exigibilidade do crédito tributário devem compor o resultado do exercício, segundo o regime de competência, salvo se demonstrado que as variações monetárias passivas incidentes sobre o tributo objeto dos depósitos não foram computadas na apuração desse resultado. (Súmula revisada conforme Ata da Sessão Extraordinária de 03/09/2018, DOU de 11/09/2018). (Vinculante, conforme Portaria ME nº 129, de 01/04/2019, DOU de 02/04/2019).",01-06.004 01-05.388 01-05.174 01-05.306 01-05.384 105-16.896 103-22.840 103-19.842
59,"A tributação do lucro na sistemática do lucro arbitrado não é invalidada pela apresentação, posterior ao lançamento, de livros e documentos imprescindíveis para a apuração do crédito tributário que, após regular intimação, deixaram de ser exibidos durante o procedimento fiscal. (Vinculante, conforme Portaria MF nº 277, de 07/06/2018, DOU de 08/06/2018).",198-00.028 108-09.668 105-16.815 101-96.319 101-96.212 101-96.093 101-96.039 108-08.919 103-22.032
60,"Os juros aplicados na restituição de valores indevidamente retidos na fonte, quando do recebimento de verbas indenizatórias decorrentes da adesão a programas de demissão voluntária, devem ser calculados a partir da data do recebimento dos rendimentos, se ocorrido entre 1º de janeiro de 1996 e 31 de dezembro de 1997, ou a partir do mês subsequente, se posterior. (Vinculante, conforme Portaria MF nº 277, de 07/06/2018, DOU de 08/06/2018).",04-00.873 192-00.048 104-23.343 104-23.181 104-23.097 104-23.021
61,"Os depósitos bancários iguais ou inferiores a R$ 12.000,00 (doze mil reais), cujo somatório não ultrapasse R$ 80.000,00 (oitenta mil reais) no ano-calendário, não podem ser considerados na presunção da omissão de rendimentos caracterizada por depósitos bancários de origem não comprovada, no caso de pessoa física. (Vinculante, conforme Portaria MF nº 277, de 07/06/2018, DOU de 08/06/2018).",2102-00.252 106-17.245 102-49.451 102-49.379 106-17.115 102-49.251 104-23.367 106-16.797 106-16.893 104-23.093 104-22.425 104-22.877 104-20.983 102-47.344
62,"A base de cálculo das contribuições previdenciárias será o valor total fixado na sentença ou acordo trabalhista homologado, quando as parcelas legais de incidência não estiverem discriminadas. (Vinculante, conforme Portaria MF nº 277, de 07/06/2018, DOU de 08/06/2018).",206-01596 205-00825 205-00680 206-00766 206-00463
63,"Para gozo da isenção do imposto de renda da pessoa física pelos portadores de moléstia grave, os rendimentos devem ser provenientes de aposentadoria, reforma, reserva remunerada ou pensão e a moléstia deve ser devidamente comprovada por laudo pericial emitido por serviço médico oficial da União, dos Estados, do Distrito Federal ou dos Municípios.",106-17.181 102-49.292 106-16.928 104-23.108 102-48.953
64,"Não incidem contribuições previdenciárias sobre as verbas concedidas aos segurados empregados a título de auxílio-creche, na forma do artigo 7o, inciso XXV, da Constituição Federal, em face de sua natureza indenizatória.",2402-00985 206-01.797 2401-00181 2401-00182 2402-00122
65,"Inaplicável a responsabilidade pessoal do dirigente de órgão público pelo descumprimento de obrigações acessórias, no âmbito previdenciário, constatadas na pessoa jurídica de direito público que dirige.",2806-00137 2301-00212 2301-00294 2301-00246 2401-00564 2401-00007 2401-00556
66,"Os Órgãos da Administração Pública não respondem solidariamente por créditos previdenciários das empresas contratadas para prestação de serviços de construção civil, reforma e acréscimo, desde que a empresa construtora tenha assumido a responsabilidade direta e total pela obra ou repasse o contrato integralmente. (Vinculante, conforme Portaria MF nº 277, de 07/06/2018, DOU de 08/06/2018).",205-01533 205-00861 206-01405 206-01488 206-00611
67,"Em apuração de acréscimo patrimonial a descoberto a partir de fluxo de caixa que confronta origens e aplicações de recursos, os saques ou transferências bancárias, registrados em extratos bancários, quando não comprovada a destinação, efetividade da despesa, aplicação ou consumo, não podem lastrear lançamento fiscal. (Súmula revisada conforme Ata da Sessão Extraordinária de 03/09/2018, DOU de 11/09/2018). (Vinculante, conforme Portaria ME nº 129, de 01/04/2019, DOU de 02/04/2019).",01-04.663 106-17.146 106-15.820 104-19.123 104-17.359
68,"A Lei nº 8.852, de 1994, não outorga isenção nem enumera hipóteses de não incidência de Imposto sobre a Renda da Pessoa Física. (Vinculante, conforme Portaria MF nº 277, de 07/06/2018, DOU de 08/06/2018).",2801-00.407 2802-00.271 3804-00.078 104-22.484 104-22.932
69,"A falta de apresentação da declaração de rendimentos ou a sua apresentação fora do prazo fixado sujeitará a pessoa física à multa de um por cento ao mês ou fração, limitada a vinte por cento, sobre o Imposto de Renda devido, ainda que integralmente pago, respeitado o valor mínimo. (Vinculante, conforme Portaria MF nº 277, de 07/06/2018, DOU de 08/06/2018).",2102-00.668 104-23.185 102-48.664 106-15.980 104-20.957
70,"É imune ao ITR o imóvel pertencente às entidades indicadas no artigo 150, VI, c, da Constituição, que se encontra arrendado, desde que a receita assim obtida seja aplicada nas atividades essenciais da entidade. (Vinculante, conforme Portaria MF nº 277, de 07/06/2018, DOU de 08/06/2018).",9202-00.873 9202-00.876 302-39.379 303-34.001 303-33.518
71,"Todos os arrolados como responsáveis tributários na autuação são parte legítima para impugnar e recorrer acerca da exigência do crédito tributário e do respectivo vínculo de responsabilidade. (Vinculante, conforme Portaria MF nº 277, de 07/06/2018, DOU de 08/06/2018).",1402-00.423 1201-00.267 1402-00.093 1103-00.043 1401-00.047 101-97.107 103-23.649 103-23.364
72,"Caracterizada a ocorrência de dolo, fraude ou simulação, a contagem do prazo decadencial rege-se pelo art. 173, inciso I, do CTN. (Vinculante, conforme Portaria MF nº 277, de 07/06/2018, DOU de 08/06/2018).",104-22564 2401-00249 1402-00506 2102-01186 105-17083 1103-00486
73,"Erro no preenchimento da declaração de ajuste do imposto de renda, causado por informações erradas, prestadas pela fonte pagadora, não autoriza o lançamento de multa de ofício.",04-00.409 04-00.089 01-05.049 01-05.032 2801-00.239
74,"Aplica-se retroativamente o art. 14 da Lei nº 11.488, de 2007, que revogou a multa de oficio isolada por falta de acréscimo da multa de mora ao pagamento de tributo em atraso, antes prevista no art. 44, § 1º, II, da Lei nº 9.430/96. (Vinculante, conforme Portaria MF nº 277, de 07/06/2018, DOU de 08/06/2018).",103-23.254 201-80.983 3803-00.277 3803-00.276 1402-00.238
75,"A recuperação da espontaneidade do sujeito passivo em razão da inoperância da autoridade fiscal por prazo superior a sessenta dias aplica-se retroativamente, alcançando os atos por ele praticados no decurso desse prazo. (Vinculante, conforme Portaria MF nº 277, de 07/06/2018, DOU de 08/06/2018).",105-16.359 01-06.056 02-02.844 9101-00.020 102-49.425
76,"Na determinação dos valores a serem lançados de ofício para cada tributo, após a exclusão do Simples, devem ser deduzidos eventuais recolhimentos da mesma natureza efetuados nessa sistemática, observando-se os percentuais previstos em lei sobre o montante pago de forma unificada. (Vinculante, conforme Portaria MF nº 277, de 07/06/2018, DOU de 08/06/2018).",1803-01.000 9101-01.037 9101-00.949 105-17.110
77,"A possibilidade de discussão administrativa do Ato Declaratório Executivo (ADE) de exclusão do Simples não impede o lançamento de ofício dos créditos tributários devidos em face da exclusão. (Vinculante, conforme Portaria MF nº 277, de 07/06/2018, DOU de 08/06/2018).",1102-00.442 1802-00.817 1803-00.753 105-16.665 101-96.040
78,"A fixação do termo inicial da contagem do prazo decadencial, na hipótese de lançamento sobre lucros disponibilizados no exterior, deve levar em consideração a data em que se considera ocorrida a disponibilização, e não a data do auferimento dos lucros pela empresa sediada no exterior. (Súmula revisada conforme Ata da Sessão Extraordinária de 03/09/2018, DOU de 11/09/2018). (Vinculante, conforme Portaria ME nº 129 de 01/04/2019, DOU de 02/04/2019).",1202-00.118 108-09.592 101-96.652 101-96.364 101-97.026
79,"A partir da vigência da Lei nº 9.249, de 1995, a dedução de contraprestações de arrendamento mercantil exige a comprovação da necessidade de utilização dos bens arrendados para produção ou comercialização de bens e serviços. (Vinculante, conforme Portaria MF nº 277, de 07/06/2018, DOU de 08/06/2018).",1103-00.379 101-96.195 105-15.754 105-14.962 105-14.814 108-07.538 108-06.305
80,"Na apuração do IRPJ, a pessoa jurídica poderá deduzir do imposto devido o valor do imposto de renda retido na fonte, desde que comprovada a retenção e o cômputo das receitas correspondentes na base de cálculo do imposto.",1202-00.459 1103-00.268 1802-00.495 1103-00.194 105-17.403 101-96.819
81,"É vedada a aplicação retroativa de lei que admite atividade anteriormente impeditiva ao ingresso na sistemática do Simples. (Vinculante, conforme Portaria MF nº 277, de 07/06/2018, DOU de 08/06/2018).",9101-000.809 9101-000.843 9101-001.001 9101-001.010 1402-000.168 3801-00.165 3801-00.111 3801-00.039 3803-00.045 303-35326
82,"Após o encerramento do ano-calendário, é incabível lançamento de ofício de IRPJ ou CSLL para exigir estimativas não recolhidas. (Vinculante, conforme Portaria MF nº 277, de 07/06/2018, DOU de 08/06/2018).",101-96353 105-16808 108-08933 107-09125 103-22842 101-96683 105-17057
83,"O resultado positivo obtido pelas sociedades cooperativas nas operações realizadas com seus cooperados não integra a base de cálculo da Contribuição Social sobre o Lucro Líquido – CSLL, mesmo antes da vigência do art. 39 da Lei no 10.865, de 2004.",9101-00.308 9101-00.207 01-05.645 01-01.734 105-16.587
84,"É possível a caracterização de indébito, para fins de restituição ou compensação, na data do recolhimento de estimativa. (Súmula revisada conforme Ata da Sessão Extraordinária de 03/09/2018, DOU de 11/09/2018). (Vinculante, conforme Portaria ME nº 129 de 01/04/2019, DOU de 02/04/2019).",1201-00.404 1202-00.458 1101-00.330 9101-00.406 105-15.943
85,"Na revenda de veículos automotores usados, de que trata o art. 5o da Lei no 9.716, de 26 de novembro de 1998, aplica-se o coeficiente de determinação do lucro presumido de 32% (trinta e dois por cento) sobre a receita bruta, correspondente à diferença entre o valor de aquisição e o de revenda desses veículos.",1803-01.159 1202-00.607 9101-00.193 9101-00.017 107-09.463
86,"É vedada a retificação da Declaração de Ajuste Anual do Imposto sobre a Renda da Pessoa Física que tenha por objeto a troca de forma de tributação dos rendimentos após o prazo previsto para a sua entrega. (Vinculante, conforme Portaria MF nº 277, de 07/06/2018, DOU de 08/06/2018).",2202-01.042 102-48.858 104-22.779 102-47.301 102-47.140 102-46.872
87,"O imposto de renda não incide sobre as verbas recebidas regularmente por parlamentares a título de auxílio de gabinete e hospedagem, exceto quando a fiscalização apurar a utilização dos recursos em benefício próprio não relacionado à atividade legislativa. (Vinculante, conforme Portaria MF nº 277, de 07/06/2018, DOU de 08/06/2018).",9202-00053 9202-01895 102-49.315 102-49.394 102-49.164
88,"A Relação de Co-Responsáveis - CORESP"", o""Relatório de Representantes Legais - RepLeg""e a""Relação de Vínculos -VÍNCULOS"", anexos a auto de infração previdenciário lavrado unicamente contra pessoa jurídica, não atribuem responsabilidade tributária às pessoas ali indicadas nem comportam discussão no âmbito do contencioso administrativo fiscal federal, tendo finalidade meramente informativa. (Vinculante, conforme Portaria MF nº 277, de 07/06/2018, DOU de 08/06/2018).",206-00819 2301-00283 206-01351 2302-00.1028 2302-00.594
89,"A contribuição social previdenciária não incide sobre valores pagos a título de vale-transporte, mesmo que em pecúnia.",2401-002.118 2402-002.521 2301-01.396 2301-01.476 2301-002.295 2301-002.281 2301-002.575
90,"Caracteriza infração às medidas de controle fiscal a posse e circulação de fumo, charuto, cigarrilha e cigarro de procedência estrangeira, sem documentação comprobatória da importação regular, sendo irrelevante, para tipificar a infração, a propriedade da mercadoria. (Vinculante, conforme Portaria MF nº 277, de 07/06/2018, DOU de 08/06/2018).",3802-00.252 3201-00.520 3201-00.459 302-40.038 301-34.613 301-30.745
91,"Ao pedido de restituição pleiteado administrativamente antes de 9 de junho de 2005, no caso de tributo sujeito a lançamento por homologação, aplica-se o prazo prescricional de 10 (dez) anos, contado do fato gerador. (Vinculante, conforme Portaria MF nº 277, de 07/06/2018, DOU de 08/06/2018).",9900-000.728 9900-000.459 9900-000.767 1801-000.970 9303-01.985 1801-001.485 9101-001.522 9101-001.654 3102-001.844 2401-003.108 1102-000.915
92,"A DIPJ, desde a sua instituição, não constitui confissão de dívida, nem instrumento hábil e suficiente para a exigência de crédito tributário nela informado.",3401-001.637 1302-00.620 3101-00.664 9101-00.503 105-17.341 103-22.990 01-05.624 108-07.492
93,"A falta de transcrição dos balanços ou balancetes de suspensão ou redução no Livro Diário não justifica a cobrança da multa isolada prevista no art. 44 da Lei nº 9.430, de 27 de dezembro de 1996, quando o sujeito passivo apresenta escrituração contábil e fiscal suficiente para comprovar a suspensão ou redução da estimativa. (Vinculante, conforme Portaria MF nº 277, de 07/06/2018, DOU de 08/06/2018).",9101-001.578 9101-001.325 101-95.977 1103-00.277 1201-00.732
94,"Os lucros auferidos no exterior por filial, sucursal, controlada ou coligada serão convertidos em reais pela taxa de câmbio, para venda, do dia das demonstrações financeiras em que tenham sido apurados tais lucros, inclusive a partir da vigência da MP nº 2.158-35, de 2001. (Vinculante, conforme Portaria MF nº 277, de 07/06/2018, DOU de 08/06/2018).",105-16.365 101-96.318 108-09.592 105-17.382 1301-00.132 1402-00.213 1102-00351 1402-00.338 1402-00.493 1103-00.522
95,"A presunção de omissão de receitas caracterizada pelo fornecimento de recursos de caixa à sociedade por administradores, sócios de sociedades de pessoas, ou pelo administrador da companhia, somente é elidida com a demonstração cumulativa da origem e da efetividade da entrega dos recursos. (Vinculante, conforme Portaria MF nº 277, de 07/06/2018, DOU de 08/06/2018).",105-17.082 103-23.541 1103-00.179 1803-00.728 1401-00.407 1801-00.560
96,"A falta de apresentação de livros e documentos da escrituração não justifica, por si só, o agravamento da multa de oficio, quando essa omissão motivou o arbitramento dos lucros.",9101-001.468 9101-000.766 101-97.110 107-07.922 1202-000.990 1301-001.202 1301-001.233 1302-000.993 1302-000.393 1401-000.788 1402-001.416 103-23.005 107-08.642 101-95.544 101-94.147
97,"O arbitramento do lucro em procedimento de ofício pode ser efetuado mediante a utilização de qualquer uma das alternativas de cálculo enumeradas no art. 51 da Lei nº 8.981, de 20 de janeiro de 1995, quando não conhecida a receita bruta. (Vinculante, conforme Portaria MF nº 277, de 07/06/2018, DOU de 08/06/2018).",107-07.325 105-14.330 101-94.964 107-08419 1202-00.074 1803-001.578
99,"Para fins de aplicação da regra decadencial prevista no art. 150, § 4°, do CTN, para as contribuições previdenciárias, caracteriza pagamento antecipado o recolhimento, ainda que parcial, do valor considerado como devido pelo contribuinte na competência do fato gerador a que se referir a autuação, mesmo que não tenha sido incluída, na base de cálculo deste recolhimento, parcela relativa a rubrica especificamente exigida no auto de infração.",9202-002.669 9202-002.596 9202-002.436 9202-01.413 2301-003.452 2403-001.742 2401-002.299 2301-002.092
100,"O Auditor-Fiscal da Receita Federal do Brasil tem competência para fiscalizar o cumprimento dos requisitos do regime de drawback na modalidade suspensão, aí compreendidos o lançamento do crédito tributário, sua exclusão em razão do reconhecimento de beneficio, e a verificação, a qualquer tempo, da regular observação, pela importadora, das condições fixadas na legislação pertinente. (Vinculante, conforme Portaria MF nº 277, de 07/06/2018, DOU de 08/06/2018).",9303-01.248 301-30.380 302-37.892 03-05.557 302-39.028 3101-00.305 3202-000.695
101,"Na hipótese de aplicação do art. 173, inciso I, do CTN, o termo inicial do prazo decadencial é o primeiro dia do exercício seguinte àquele em que o lançamento poderia ter sido efetuado. (Vinculante, conforme Portaria MF nº 277, de 07/06/2018, DOU de 08/06/2018).",9202-003.067 9202-003.130 9202-003.245 9303-002.857 1102-000.939 2102-003.046 2201-002.433 2802-001.581 3202-001.239
102,"É válida a decisão proferida por Delegacia da Receita Federal de Julgamento - DRJ de localidade diversa do domicílio fiscal do sujeito passivo. (Vinculante, conforme Portaria MF nº 277, de 07/06/2018, DOU de 08/06/2018).",101-95.433 101-95.938 103-22.886 195-00.027 1101-00.626
103,"Para fins de conhecimento de recurso de ofício, aplica-se o limite de alçada vigente na data de sua apreciação em segunda instância.",9202-002.930 9202-003.129 9202-003.027 9303-002.165 1101-000.627 1301-00.899 1802-01.087 2202-002.528 2401-003.347 3101-001.174
104,"Lançamento de multa isolada por falta ou insuficiência de recolhimento de estimativa de IRPJ ou de CSLL submete-se ao prazo decadencial previsto no art. 173, inciso I, do CTN. (Vinculante, conforme Portaria MF nº 277, de 07/06/2018, DOU de 08/06/2018).",9101-001.861 1102-000.824 1402-01.217 1401-000.804 1202-00.658 1301-00.503 1402-00.219 1803-00.426 198-00.101 195-0.125 193-00.017 101-96.215 01-05.653
105,"A multa isolada por falta de recolhimento de estimativas, lançada com fundamento no art. 44 § 1º, inciso IV da Lei nº 9.430, de 1996, não pode ser exigida ao mesmo tempo da multa de ofício por falta de pagamento de IRPJ e CSLL apurado no ajuste anual, devendo subsistir a multa de ofício.",9101-001.261 9101-001.203 9101-001.238 9101-001.307 1402-001.217 1102-00.748 1803-001.263
106,"Caracterizada a ocorrência de apropriação indébita de contribuições previdenciárias descontadas de segurados empregados e/ou contribuintes individuais, a contagem do prazo decadencial rege-se pelo art. 173, inciso I, do CTN. (Vinculante, conforme Portaria MF nº 277, de 07/06/2018, DOU de 08/06/2018).",206-01.689 206-01.535 2401-01.304 2401-01.806 2401-01.436
107,"A receita da atividade própria, objeto da isenção da Cofins prevista no art. 14, X, c/c art. 13, III, da MP nº 2.158-35, de 2001, alcança as receitas obtidas em contraprestação de serviços educacionais prestados pelas entidades de educação sem fins lucrativos a que se refere o art. 12 da Lei nº 9.532, de 1997. (Vinculante, conforme Portaria MF nº 277, de 07/06/2018, DOU de 08/06/2018).",9303-01.486 9303-001.869 3403-002.298 3301-002.011 3403-002.701
108,"Incidem juros moratórios, calculados à taxa referencial do Sistema Especial de Liquidação e Custódia - SELIC, sobre o valor correspondente à multa de ofício. (Vinculante, conforme Portaria ME nº 129 de 01/04/2019, DOU de 02/04/2019).",04-00.651 103-22.290 103-23.290 105-15.211 106-16.949 303-35.361 1401-00.323 9101-00.539 9101-01.191 9202-01.806 9202-01.991 1402-002.816 2202-003.644 2301-005.109 3302-001.840 3401-004.403 3402-004.899 9101-001.350 9101-001.474 9101-001.863 9101-002.209 9101-003.009 9101-003.053 9101-003.137 9101-003.199 9101-003.371 9101-003.374 9101-003.376 9202-003.150 9202-004.250 9202-004.345 9202-005.470 9202-005.577 9202-006.473 9303-002.400 9303-003.385 9303-005.293 9303-005.435 9303-005.436 9303-005.843
109,"O órgão julgador administrativo não é competente para se pronunciar sobre controvérsias referentes a arrolamento de bens. (Vinculante, conforme Portaria ME nº 129 de 01/04/2019, DOU de 02/04/2019).",1102-001.029 1301-001.229 2401-005.053 2402-005.025 2402-005.692 3302-005.305
110,"No processo administrativo fiscal, é incabível a intimação dirigida ao endereço de advogado do sujeito passivo. (Vinculante, conforme Portaria ME nº 129 de 01/04/2019, DOU de 02/04/2019).",1402-001.411 2401-003.400 2402-006.114 3302-004.864 3403-002.901 9101-003.049
111,"O Mandado de Procedimento Fiscal supre a autorização, prevista no art. 906 do Decreto nº 3.000, de 1999, para reexame de período anteriormente fiscalizado. (Vinculante, conforme Portaria ME nº 129 de 01/04/2019, DOU de 02/04/2019).",1101-00.154 1201-00.116 1102-00.984 2202-002.782 3403-002.516 9101-002.430
112,"É nulo, por erro na identificação do sujeito passivo, o lançamento formalizado contra pessoa jurídica extinta por liquidação voluntária ocorrida e comunicada ao Fisco Federal antes da lavratura do auto de infração. (Vinculante, conforme Portaria ME nº 129 de 01/04/2019, DOU de 02/04/2019).",103-22.779 1401-00.377 1401-00.786 9101-001.298 9101-001.705
113,"A responsabilidade tributária do sucessor abrange, além dos tributos devidos pelo sucedido, as multas moratórias ou punitivas, desde que seu fato gerador tenha ocorrido até a data da sucessão, independentemente de esse crédito ser formalizado, por meio de lançamento de ofício, antes ou depois do evento sucessório. (Vinculante, conforme Portaria ME nº 129 de 01/04/2019, DOU de 02/04/2019).",2401-004.795 3401-003.096 9101-002.212 9101-002.262 9101-002.325 9202-006.516
114,"O Imposto de Renda incidente na fonte sobre pagamento a beneficiário não identificado, ou sem comprovação da operação ou da causa, submete-se ao prazo decadencial previsto no art. 173, I, do CTN. (Vinculante, conforme Portaria ME nº 129 de 01/04/2019, DOU de 02/04/2019).",1101-00.622 1402-00.320 2202-01.975 9101-00.773 1103-000.904 1301-001.544 1302-001.857 2202-002.561 2202-002.804 2301-004.531
115,"A sistemática de cálculo do ""Método do Preço de Revenda menos Lucro com margem de lucro de sessenta por cento (PRL 60)"" prevista na Instrução Normativa SRF nº 243, de 2002, não afronta o disposto no art. 18, inciso II, da Lei nº 9.430, de 1996, com a redação dada pela Lei nº 9.959, de 2000. (Vinculante, conforme Portaria ME nº 129, de 01/04/2019, DOU de 02/04/2019).",1102-00.610 1201-00.658 1101-001.079 1103-00.672 1201-001.680 1301-001.096 1301-02.617 1302-001.164 1302-002.128 1401-000.848 1401-002.122 1401-002.278 1402-001.418 1402-002.736 1402-002.815 9101-002.175 9101-002.514 9101-003.094 9101-003.373
116,"Para fins de contagem do prazo decadencial para a constituição de crédito tributário relativo a glosa de amortização de ágio na forma dos arts. 7º e 8º da Lei nº 9.532, de 1997, deve-se levar em conta o período de sua repercussão na apuração do tributo em cobrança. (Vinculante, conforme Portaria ME nº 129, de 01/04/2019, DOU de 02/04/2019).",1101-000.961 1102-001.104 1301-000.999 1402-001.337 1402-001.460 9101-002.804 9101-003.131
117,"A indedutibilidade de despesas com ""royalties"" prevista no art. 71, parágrafo único, alínea ""d"", da Lei nº 4.506, de 1964, não é aplicável à apuração da CSLL. (Vinculante, conforme Portaria ME nº 129 de 01/04/2019, DOU de 02/04/2019).",1102-001.182 1201-002.030 1401-000.996 9101-002.901 9101-003.062
118,"Caracteriza ganho tributável por pessoa jurídica domiciliada no país a diferença positiva entre o valor das ações ou quotas de capital recebidas em razão da transferência do patrimônio de entidade sem fins lucrativos para entidade empresarial e o valor despendido na aquisição de título patrimonial. (Vinculante, conforme Portaria ME nº 129, de 01/04/2019, DOU de 02/04/2019).",1201-001.395 1301-002.432 1302-002.001 1401-001.886 1402-002.404 9101-002.462 9101-002.696 9101-003.376
119,"No caso de multas por descumprimento de obrigação principal e por descumprimento de obrigação acessória pela falta de declaração em GFIP, associadas e exigidas em lançamentos de ofício referentes a fatos geradores anteriores à vigência da Medida Provisória n° 449, de 2008, convertida na Lei n° 11.941, de 2009, a retroatividade benigna deve ser aferida mediante a comparação entre a soma das penalidades pelo descumprimento das obrigações principal e acessória, aplicáveis à época dos fatos geradores, com a multa de ofício de 75%, prevista no art. 44 da Lei n° 9.430, de 1996. (Vinculante, conforme Portaria ME nº 129, de 01/04/2019, DOU de 02/04/2019).",206-01.782 2401-01.624 2401-02.358 9202-01.794 9202-02.086 2201-004.001 2202-003.907 2202-004.302 2301-005.046 2301-005.121 2301-005.194 2401-004.759 2402-006.084 9202-002.193 9202-002.636 9202-003.401 9202-003.405 9202-003.509 9202-003.846 9202-003.848 9202-005.100 9202-005.211 9202-005.224 9202-005.304 9202-005.399 9202-005.488 9202-005.573 9202-005.657 9202-005.739 9202-005.783 9202-005.984 9202-006.150 9202-006.205 9202-006.208 9202-006.237 9202-006.304 9202-006.477 9202-006.489 9202-006.512 9202-006.632
120,"Não é válida a intimação para comprovar a origem de depósitos bancários em cumprimento ao art. 42 da Lei nº 9.430, de 1996, quando dirigida ao espólio, relativamente aos fatos geradores ocorridos antes do falecimento do titular da conta bancária. (Vinculante, conforme Portaria ME nº 129, de 01/04/2019, DOU de 02/04/2019).",2102-003.245 2202-003.578 2401-005.127 2401-005.253 9202-006.009 9202-006.010
121,"A isenção do imposto de renda prevista no art. 6º, inciso XIV, da Lei n.º 7.713, de 1988, referente à cegueira, inclui a cegueira monocular. (Vinculante, conforme Portaria ME nº 129, de 01/04/2019, DOU de 02/04/2019).",2201-003.855 2202-003.786 2401-005.029 9202-005.464
122,"A averbação da Área de Reserva Legal (ARL) na matrícula do imóvel em data anterior ao fato gerador supre a eventual falta de apresentação do Ato declaratório Ambiental (ADA). (Vinculante, conforme Portaria ME nº 129, de 01/04/2019, DOU de 02/04/2019).",2202-003.723 2202-004.015 9202-004.613 9202-005.355 9202-006.043
123,"Imposto de renda retido na fonte relativo a rendimentos sujeitos a ajuste anual caracteriza pagamento apto a atrair a aplicação da regra decadencial prevista no artigo 150, §4º, do Código Tributário Nacional. (Vinculante, conforme Portaria ME nº 129, de 01/04/2019, DOU de 02/04/2019).",2201-003.764 2401-004.499 2401-004.621 2401-004.695 9202-004.534
124,"A produção e a exportação de produtos classificados na Tabela de Incidência do IPI (TIPI) como ""não-tributados"" não geram direito ao crédito presumido de IPI de que trata o art. 1º da Lei nº 9.363, de 1996. (Vinculante, conforme Portaria ME nº 129, de 01/04/2019, DOU de 02/04/2019).",02-02.961 201-79.983 201-80.363 201-80.828 201-80.999 202-18.868 203-11.272 3803-00.520 9303-01.450 9303-01.768 9303-01.806 3301-002.526 3402-002.252 3803-003.586 9303-002.251 9303-002.721 9303-005.419 9303-006.215 9303-006.289
125,"No ressarcimento da COFINS e da Contribuição para o PIS não cumulativas não incide correção monetária ou juros, nos termos dos artigos 13 e 15, VI, da Lei nº 10.833, de 2003.",203-13.354 3301-00.809 3302-00.872 3101-01.072 3101-01.106 3301-002.123 3302-002.097 3403-001.590 3801-001.506 9303-005.303 9303-005.941
126,"A denúncia espontânea não alcança as penalidades infligidas pelo descumprimento dos deveres instrumentais decorrentes da inobservância dos prazos fixados pela Secretaria da Receita Federal do Brasil para prestação de informações à administração aduaneira, mesmo após o advento da nova redação do art. 102 do Decreto-Lei nº 37, de 1966, dada pelo art. 40 da Lei nº 12.350, de 2010. (Vinculante, conforme Portaria ME nº 129 de 01/04/2019, DOU de 02/04/2019).",3102-001.988 3202-000.589 3402-001.821 3402-004.149 3801-004.834 3802-000.570 3802-001.488 3802-001.643 3802-002.322 9303-003.551 9303-004.909
127,A incidência da Contribuição de Intervenção no Domínio Econômico (CIDE) na contratação de serviços técnicos prestados por residentes ou domiciliados no exterior prescinde da ocorrência de transferência de tecnologia.,3102-002.020 3102-002.141 3201-003.022 3202-000.455 3302-003.095 3401-003.800 3403-002.702 3403-003.029
128,"No cálculo do crédito presumido de IPI, de que tratam a Lei nº 9.363, de 1996 e a Portaria MF nº 38, de 1997, as receitas de exportação de produtos não industrializados pelo contribuinte incluem-se na composição tanto da Receita de Exportação - RE, quanto da Receita Operacional Bruta - ROB, refletindo nos dois lados do coeficiente de exportação - numerador e denominador. (Vinculante, conforme Portaria ME nº 129, de 01/04/2019, DOU de 02/04/2019).",03201-002.029 9303-005.172 9303-005.190 9303-005.262 9303-005.417 9303-005.550 9303-005.886 9303-006.036
129,"Constatada irregularidade na representação processual, o sujeito passivo deve ser intimado a sanar o defeito antes da decisão acerca do conhecimento do recurso administrativo.",1201-001.893 1302-002.660 1301-003.622 3801-004.745 3402-002.265 3202-000.473 3402-00.396 2803-00.145
130,"A atribuição de responsabilidade a terceiros com fundamento no art. 135, inciso III, do CTN não exclui a pessoa jurídica do pólo passivo da obrigação tributária.",9101-002.605 1202-00.740 1302-002.549 1302-002.788 1302-003.215 1401-002.049 1401-002.888 2802-00.641 3201-002.186
131,Inexiste vedação legal à aplicação de multa de ofício na constituição de crédito tributário em face de entidade submetida ao regime de liquidação extrajudicial.,9101-002.484 9101-00.774 9303-003.277 9303-004.155 9303-007.282 1101-00.756 1101-000.738 1102-00.085 1301-001.137 1401-002.646 1402-002.789 2102-002.585
132,"No caso de lançamento de ofício sobre débito objeto de depósito judicial em montante parcial, a incidência de multa de ofício e de juros de mora atinge apenas o montante da dívida não abrangida pelo depósito.",9303-007.539 3201-004.265 3201-003.090 1302-001.502 2201-002.132 9101-001.598 1301-000.795 9101-000.775 3302-000.671 1101-00.135 1101-00.098 101-96.857 101-95.884 105-15.685 203-08.164
133,"A falta de atendimento a intimação para prestar esclarecimentos não justifica, por si só, o agravamento da multa de ofício, quando essa conduta motivou presunção de omissão de receitas ou de rendimentos.",9101-002.992 9101-003.147 9202-007.445 9202-007.001 1301-002.667 1301-002.961 1401-001.856 1401-002.634 2202-002.802
134,"A simples existência, no contrato social, de atividade vedada ao Simples Federal não resulta na exclusão do contribuinte, sendo necessário que a fiscalização comprove a efetiva execução de tal atividade.",9101-003.387 9101-003.487 9101-002.576 1101-000.931 1102-000.932 1803-000.860 302-39.756
135,"A antecipação do recolhimento do IRPJ e da CSLL, por meio de estimativas mensais, caracteriza pagamento apto a atrair a aplicação da regra decadencial prevista no art. 150, §4º do CTN.",1302-001.687 1301-002.278 1401-001.907 1402-001.294 1402-003.597 9101-002.245
136,"Os ajustes decorrentes de superveniências e insuficiências de depreciação, contabilizados pelas instituições arrendadoras em obediência às normas do Banco Central do Brasil, não causam efeitos tributários para a CSLL, devendo ser neutralizados extracontabilmente mediante exclusão das receitas ou adição das despesas correspondentes na apuração da base de cálculo da contribuição.",1401-002.549 1402-002.074 1103-000.684 1102-00.674 1201-000.097
137,Os resultados positivos decorrentes da avaliação de investimentos pelo método da Equivalência Patrimonial não integram a base de cálculo do IRPJ ou da CSLL na sistemática do lucro presumido.,1201-002.645 1402-002.616 1302-002.291 9101-003.884 9101-003.963 1402-002.396
138,"Imposto de renda retido na fonte incidente sobre receitas auferidas por pessoa jurídica, sujeitas a apuração trimestral ou anual, caracteriza pagamento apto a atrair a aplicação da regra decadencial prevista no art. 150, §4º do CTN.",9101-002.245 9101-003.603 9101-003.239 9101-002.993 9101-001.853 1101-001.100 1302-002.092 1402-002.182 1402-002.291 1402-003.605
139,"Os descontos e abatimentos, concedidos por instituição financeira na renegociação de créditos com seus clientes, constituem despesas operacionais dedutíveis do lucro real e da base de cálculo da CSLL, não se aplicando a essa circunstância as disposições dos artigos 9º a 12 da Lei nº 9.430/1996.",9101-002.717 1301-002.011 1103-000.668 1402-002.413 1401-002.833
140,"Aplica-se retroativamente o disposto no art. 11 da Lei nº 13.202, de 2015, no sentido de que os acordos e convenções internacionais celebrados pelo Governo da República Federativa do Brasil para evitar dupla tributação da renda abrangem a CSLL.",9101-002.598 1201-001.872 1301-002.488 1301-002.817 1302-003.149 1401-002.008
141,"As aplicações financeiras realizadas por cooperativas de crédito constituem atos cooperativos, o que afasta a incidência de IRPJ e CSLL sobre os respectivos resultados.",9101-002.782 9101-001.518 1803-001.507 9101-000.950 1802-001.060 1401-002.052 1402-001.541 103-23.202 9101-003.985
142,"Até 31.12.2008 são enquadradas como serviços hospitalares todas as atividades tipicamente promovidas em hospitais, voltadas diretamente à promoção da saúde, mesmo eventualmente prestadas por outras pessoas jurídicas, excluindo-se as simples consultas médicas.",1401-003.024 1302-002.979 9101-003.334 1402-002.173 9101-001.559
143,A prova do imposto de renda retido na fonte deduzido pelo beneficiário na apuração do imposto de renda devido não se faz exclusivamente por meio do comprovante de retenção emitido em seu nome pela fonte pagadora dos rendimentos.,9101-003.437 9101-002.876 9101-002.684 9202-006.006 1101-001.236 1201-001.889 1301-002.212 1302-002.076
144,"A presunção legal de omissão de receitas com base na manutenção, no passivo, de obrigações cuja exigibilidade não seja comprovada (“passivo não comprovado”), caracteriza-se no momento do registro contábil do passivo, tributando-se a irregularidade no período de apuração correspondente.",107-08.732 1101-000.991 1301-002.960 1302-001.750 1402-001.511 1402-002.197 9101-002.340 9101-003.258
145,"A partir da 01/10/2002, a compensação de crédito de saldo negativo de IRPJ ou CSLL, ainda que com tributo de mesma espécie, deve ser promovida mediante apresentação de Declaração de Compensação - DCOMP.",1201-000.705 1201-001.435 1301-002.832 1301-003.020 1401-00.1450 1401-002.044 1402-002.817
146,A variação cambial ativa resultante de investimento no exterior avaliado pelo método da equivalência patrimonial não é tributável pelo IRPJ e CSLL.,1402-00.391 1402-00.213 105-16.365 9101-001.671 1402-002.111
147,"Somente com a edição da Medida Provisória nº 351/2007, convertida na Lei nº 11.488/2007, que alterou a redação do art. 44 da Lei nº 9.430/1996, passou a existir a previsão específica de incidência da multa isolada na hipótese de falta de pagamento do carnê-leão (50%), sem prejuízo da penalidade simultânea pelo lançamento de ofício do respectivo rendimento no ajuste anual (75%).",2401-005.139 2202-004.088 2301-005.113 2201-002.719 9202-004.365
148,"No caso de multa por descumprimento de obrigação acessória previdenciária, a aferição da decadência tem sempre como base o art. 173, I, do CTN, ainda que se verifique pagamento antecipado da obrigação principal correlata ou esta tenha sido fulminada pela decadência com base no art. 150, § 4º, do CTN.",2401-005.513 2401-006.063 9202-006.961 2402-006.646 9202-006.503 2201-003.715
149,"Não integra o salário de contribuição a bolsa de estudos de graduação ou de pós-graduação concedida aos empregados, em período anterior à vigência da Lei nº 12.513, de 2011, nos casos em que o lançamento aponta como único motivo para exigir a contribuição previdenciária o fato desse auxílio se referir a educação de ensino superior.",9202-007.436 9202-006.578 9202-005.972 2402-006.286 2402-004.167 2301-004.391 2301-004.005
150,"A inconstitucionalidade declarada por meio do RE 363.852/MG não alcança os lançamentos de subrogação da pessoa jurídica nas obrigações do produtor rural pessoa física que tenham como fundamento a Lei nº 10.256, de 2001.",2401-005.593 9202-006 2201-003.486 2202-003.846 2201-003.800 2301-005 9202-005.128 9202-003.706 9202-004.017
151,"Aplica-se retroativamente o inciso II do § 4º do art. 1º da Lei 11.945/2009, referente a multa pela falta ou atraso na apresentação da “DIF Papel Imune” devendo ser cominada em valor único por declaração não apresentada no prazo trimestral, e não mais por mês calendário, conforme anteriormente estabelecido no art. 57 da MP nº 2.158-35/ 2001, consagrando-se a retroatividade benéfica nos termos do art. 106, do Código Tributário Nacional.",9303-006.670 9303-006.734 3201-004.121 9303-005.273 9303-004.949 3201-002.860 3101-001.160
152,"Os créditos relativos a tributos administrados pela Receita Federal do Brasil (RFB), reconhecidos por sentença judicial transitada em julgado que tenha permitido apenas a compensação com débitos de tributos da mesma espécie, podem ser compensados com débitos próprios relativos a quaisquer tributos administrados pela Receita Federal do Brasil, observada a legislação vigente por ocasião de sua realização.",9303-002.458 3302-001.448 3301-001.933 3401-004.404 3301-001.446
153,"As receitas decorrentes das vendas de produtos efetuadas para estabelecimentos situados na Zona Franca de Manaus equiparam-se às receitas de exportação, não se sujeitando, portanto, à incidência das contribuições para o PIS/Pasep e para a COFINS.",9303-006.313 9303-007.739 9303-007.437 3401-003.271 9303-007.880
154,"Constatada a oposição ilegítima ao ressarcimento de crédito presumido do IPI, a correção monetária, pela taxa Selic, deve ser contada a partir do encerramento do prazo de 360 dias para a análise do pedido do contribuinte, conforme o art. 24 da Lei nº 11.457/07.",9303-007.425 9303-006.389 3201-001.765 9303-005.423 9303-007.747 9303-007.011 3401-005.709
155,"A multa prevista no art. 33 da Lei nº 11.488/07 não se confunde com a pena de perdimento do art. 23, inciso V, do Decreto Lei nº 1.455/76, o que afasta a aplicação da retroatividade benigna definida no art. 106, II, ""c"", do Código Tributário Nacional.",9303-007.706 9303-007.560 9303-004.905 9303-006.001 9303-004.714 9303-006.510 3201-003.647 3202-003.057 3102-002.316 3401-004.474 3402-005.242
156,"No regime de drawback, modalidade suspensão, o termo inicial para contagem do prazo quinquenal de decadência do direito de lançar os tributos suspensos é o primeiro dia do exercício seguinte ao encerramento do prazo de trinta dias posteriores à data limite para a realização das exportações compromissadas, nos termos do art. 173, I, do CTN.",9303-003.465 9303-003.141 3401-005.695 3301-005.215 9303-006.291
157,"O percentual da alíquota do crédito presumido das agroindústrias de produtos de origem animal ou vegetal, previsto no art. 8º da Lei nº 10.925/2004, será determinado com base na natureza da mercadoria produzida ou comercializada pela referida agroindústria, e não em função da origem do insumo que aplicou para obtê-lo.",9303-003.331 9303-003.812 3301-004.056 3401-003.400 3402-002.469 3403-003.551
158,"O Imposto de Renda Retido na Fonte – IRRF incidente sobre valores pagos, creditados, entregues, empregados ou remetidos, a cada mês, a residentes ou domiciliados no exterior, a título de remuneração pelas obrigações contraídas, compõe a base de cálculo da Contribuição de Intervenção no Domínio Econômico – CIDE de que trata a Lei nº 10.168/2000, ainda que a fonte pagadora assuma o ônus financeiro do imposto retido.",3102-002.141 3302-005 3201-003.344 3201-003.461 9303-004.142 9303-005.195 9303-005.293 9303-007.067 3201-001.518 3301-001.683
159,"Não é necessária a realização de lançamento para glosa de ressarcimento de PIS/Pasep e Cofins não cumulativos, ainda que os ajustes se verifiquem na base de cálculo das contribuições.",3201-002.449 3302-002.173 3302-002.353 3403-003.591 3302-01.170
160,"A aplicação da multa substitutiva do perdimento a que se refere o § 3º do art. 23 do Decreto-lei nº 1.455, de 1976 independe da comprovação de prejuízo ao recolhimento de tributos ou contribuições.",9303-007.454 3302-006.328 9303-006.509 3201-003.645 3402-005.132 9303-006.343 3401-004.381 3402-004.684
161,"O erro de indicação, na Declaração de Importação, da classificação da mercadoria na Nomenclatura Comum do Mercosul, por si só, enseja a aplicação da multa de 1%, prevista no art. 84, I da MP nº 2.158-35, de 2001, ainda que órgão julgador conclua que a classificação indicada no lançamento de ofício seria igualmente incorreta.",3201-000.007 3102-002.198 9303-006.331 9303-006.474 9303-008.194
